{
  "table-1": [
    {
      "PERCENTILE": "100 - 95",
      "UR": "1-100",
      "EWS": "1-40",
      "BC": "1 - 45",
      "EBC": "1 - 30",
      "SC/ST": "1 - 20",
      "RCG": "1 - 25"
    },
    {
      "PERCENTILE": "95 - 94.3",
      "UR": "101 - 200",
      "EWS": "41 - 60",
      "BC": "46 - 70",
      "EBC": "31 - 45",
      "SC/ST": "21 - 30",
      "RCG": "26 - 45"
    },
    {
      "PERCENTILE": "94.3 - 91",
      "UR": "201 - 500",
      "EWS": "61 - 130",
      "BC": "71 -180",
      "EBC": "46 -120",
      "SC/ST": "31 - 40",
      "RCG": "46 - 55"
    },
    {
      "PERCENTILE": "91 - 90.9",
      "UR": "501 - 1000",
      "EWS": "131 - 235",
      "BC": "181 - 310",
      "EBC": "121 - 210",
      "SC/ST": "41 - 50",
      "RCG": "56 - 75"
    },
    {
      "PERCENTILE": "91 - 90.9",
      "UR": "1001 - 2000",
      "EWS": "235 - 500",
      "BC": "311 - 450",
      "EBC": "211 - 350",
      "SC/ST": "51 - 60",
      "RCG": "76 - 81"
    },
    {
      "PERCENTILE": "90.9 - 80.98",
      "UR": "2001 - 3000",
      "EWS": "501 - 650",
      "BC": "451 - 570",
      "EBC": "351 - 500",
      "SC/ST": "61 - 152",
      "RCG": "81 - 195"
    },
    {
      "PERCENTILE": "80.98 - 75.69",
      "UR": "3001 - 5000",
      "EWS": "651-1000",
      "BC": "571 -700",
      "EBC": "501 - 670",
      "SC/ST": "153 - 300",
      "RCG": "196 - 350"
    },
    {
      "PERCENTILE": "75.69 - 60.50",
      "UR": "5000 -7000",
      "EWS": "1001 - 1600",
      "BC": "701 - 1800",
      "EBC": "671 -1650",
      "SC/ST": "301 - 720",
      "RCG": "350 - 650"
    },
    {
      "PERCENTILE": "60.50 - 49.3",
      "UR": "7001 - 8500",
      "EWS": "1601 - 2100",
      "BC": "1800 -2300 ",
      "EBC": "1650 - 2200",
      "SC/ST": "721 - 800",
      "RCG": "650 - 851"
    },
    {
      "PERCENTILE": "49.30 - 30.0",
      "UR": "8400++",
      "EWS": "2200++",
      "BC": "2400++",
      "EBC": "2300++",
      "SC/ST": "850++",
      "RCG": "900+++"
    },
    {
      "PERCENTILE": "30.0 - 20.00",
      "UR": "8500++",
      "EWS": "2100++",
      "BC": "2300++",
      "EBC": "2200++",
      "SC/ST": "900++",
      "RCG": "951+++"
    }
  ]
}